Unnamed: 0,Date Joined,Country,Select Investors
0,4/7/2017,China,"Sequoia Capital China, SIG Asia Investments, Sina Weibo, Softbank Group"
4,1/8/2018,Australia,"Sequoia Capital China, Blackbird Ventures, Matrix Partners"
6,2/5/2019,United States,"Andreessen Horowitz, New Enterprise Associates, Battery Ventures"
7,4/26/2018,United Kingdom,"index Ventures, DST Global, Ribbit Capital"
8,3/1/2018,Brazil,"Sequoia Capital, Redpoint e.ventures, Kaszek Ventures"
9,10/26/2018,United States,"Tencent Holdings, KKR, Smash Ventures"
10,3/5/2019,United States,"Forerunner Ventures, Crosslink Capital, Homebrew"
11,7/20/2021,Hong Kong,"Sequoia Capital, Thoma Bravo, Softbank"
12,7/25/2017,India,"Tencent Holdings, Lightspeed India Partners, Sequoia Capital India"
13,3/31/2016,China,"GGV Capital, ZhenFund, Tencent"
14,4/7/2021,Indonesia,"Hillhouse Capital Management, Boyu Capital, Sequoia Capital China"
15,6/6/2012,United States,"SoftBank Group, Andreessen Horowitz, Temasek Holdings"
16,5/31/2017,China,"Tencent Holdings, Warbug Pincus, IDG Capital"
17,1/23/2015,China,"Accel Partners, Sequoia Capital"
18,7/3/2018,China,"Tiger Global Management, Sequoia Capital China, Shunwei Capital Partners"
19,5/2/2019,United Kingdom,"Tiger Global Management, Insight Partners, DST Global"
20,10/8/2020,United States,"Accel, Softbank Group, Anthos Capital"
21,12/11/2018,United States,"New Enterprise Associates, Spar Capital, Index Ventures"
22,10/10/2019,United States,"General Catalyst, Institutional Venture Partners, Breyer Capital"
23,10/16/2018,United States,"Andreessen Horowitz, F-Prime Capital, Venrock"
24,10/30/2019,United States,"Khosla Ventures, Forerunner Ventures, Sequoia Capital"
25,10/5/2018,United States,"DST Global, Ribbit Capital, Greenoaks Capital Management"
26,7/11/2017,China,"Star VC, IDG Capital, Infore Capital, Alibaba Group"
27,12/20/2017,United States,Tiger Global Management
28,7/6/2018,China,"Coatue Management, Sequoia Capital China, IDG Capital"
29,8/6/2018,United States,"Vickers Venture Partners, IKEA GreenTech"
30,10/13/2021,United States,"New Enterprise Associates, BDT Capital Partners, Davidson Kempner Capital Management"
31,6/3/2021,China,"LTW Capital, Legend Capital, Qualcomm Ventures"
32,12/22/2016,United Kingdom,"Aviation Industry Corporation of China, Essence Financial, Jiangsu Sha Steel Group"
33,6/26/2018,Germany,"Accel, 83North"
34,5/8/2021,China,"Tencent Holdings, Hillhouse Capital Management, Yunfeng Capital"
35,2/21/2019,Hong Kong,"MindWorks Ventures, Shunwei Capital Partners, Xiang He Capital"
36,12/20/2019,United States,"IDG Capital, Venture51, Lightspeed Venture Partners"
37,4/30/2020,United States,"Index Ventures, Greylock Partners, Kleiner Perkins Caufield & Byers"
38,12/18/2015,United States,"General Catalyst Partners, Google Ventures, Kleiner Perkins Caufield & Byers"
39,7/31/2017,United States,"Y Combinator, Sequoia Capital, Coatue Management"
40,10/3/2018,United States,"DJF, Salesforce Ventures, Storm Ventures"
41,4/1/2020,United States,"Index Ventures, Draft Ventures, Felicis Ventures"
42,7/15/2020,United States,"Upper90, RiverPark Ventures, Advent International"
43,11/1/2021,United States,"Ribbit Capital, capitalG, Softbank Group"
44,6/5/2018,United States,"KKR, ES Ventures, North Bridge Growth Equity"
45,11/14/2018,United States,"Bessemer Venture Partners, ICONIQ Capital, Battery Ventures"
46,7/1/2019,China,"Sequoia Capital China, Tencent Investment, BA Capital"
47,1/10/2019,Germany,"Redalpine Venture Partners, Earlybird Venture Capital, Valar Ventures"
48,11/17/2020,United States,"Summit Partners, Accel, Astral Capital"
49,6/12/2019,Sweden,"Vattenfall, Volkswagen Group, Goldman Sachs"
50,3/31/2015,United States,"Andreessen Horowitz, Nor-Cal Invest, TPG Growth"
51,3/12/2016,China,"Sequoia Capital China, GX Capital"
52,11/24/2017,United States,"Nintendo, Google, Pokemon Company International, Spark Capital"
53,9/25/2018,India,"SoftBank Group, Sequoia Capital India,Lightspeed India Partners"
54,12/3/2019,United Kingdom,"Target Global, General Catalyst, Durable Capital Partners"
55,10/1/2020,Mexico,"DST Global, SoftBank Group, Mountain Nazca"
56,1/21/2020,United Kingdom,"BOLDstart Ventures, Google Ventures, Accel"
57,2/11/2019,United States,"SoftBank Group, Greylock Partners, Gaorong Capital"
58,1/7/2021,United States,"Sutter Hill Ventures, Liberty Global Ventures, Coatue Management"
59,10/6/2020,United States,"01 Advisors, Zeev Ventures, Group 11"
60,3/21/2018,United States,"New Enterprise Associates, T. Rowe Associates, Lightbank"
61,7/22/2020,China,"KKR, Tencent Holdings, Sequoia Capital China"
62,4/9/2019,India,"Kaalari Capital, Tencent Holdings, Steadview Capital"
63,7/27/2021,United States,"Tenaya Capital, Coatue Management, Stripes Group"
64,5/17/2021,United States,"Sixth Street Partners, OrbiMed Advisors, Highland Capital Management"
65,3/30/2021,Canada,"Union Square Ventures, Venrock, Andreessen Horowitz"
66,11/10/2020,United Kingdom,"Accel, Northzone Ventures, Institutional Venture Partners"
67,3/26/2021,Turkey,"Tiger Global Management, Sequoia Capital, Revo Capital"
68,11/13/2018,United States,"Lightspeed Venture Partners, Social Capital, Accel"
69,12/9/2018,South Korea,"Bessemer Venture Partners, Qualcomm Ventures, Kleiner Perkins Caufield & Byers"
70,5/6/2019,United States,"Menlo Ventures, Spark Capital, Union Square Ventures"
71,8/5/2019,United States,"Accel, Y Combinator, Index Ventures"
72,7/12/2019,United States,"Volkswagen Group, Ford Autonomous Vehicles"
73,8/12/2020,United States,"Norwest Venture Partners, Next World Capital, Wing Venture Capital"
74,11/8/2018,United States,"Andreessen Horowitz, Lightspeed Venture Partners, Zeev Ventures"
75,11/19/2021,United States,"Morgan Creek Digital, Marcy Venture Partners, 10T Fund"
76,9/22/2015,China,"Tencent, Morningside Group"
77,4/20/2018,United States,"Benchmark, Greylock Partners, Tencent Holdings"
78,7/2/2018,United States,"General Atlantic, Goldman Sachs, New Enterprise Associates"
79,1/17/2018,China,"Sequoia Capital China, Warburg Pincus, General Catalyst"
80,7/1/2020,India,"TA Associates, SoftBank Group, GS Growth"
81,9/8/2020,Netherlands,Technology Crossover Ventures
82,8/4/2020,United States,"Initialized Capital, Y Combinator, Kleiner Perkins Caufield & Byers"
83,10/27/2014,India,"Accel Partners, SoftBank Group, Sequoia Capital"
84,3/22/2018,United States,"Andreessen Horowitz, General Catalyst"
85,7/29/2019,United States,"New Enterprise Associates, Accomplice, IA Ventures"
86,1/19/2021,Germany,"Global Founders Capital, Nortzone Ventures, Picus Capital"
87,1/6/2021,United States,"Atomico, Insight Partners, Coatue Management"
88,5/20/2021,United States,Barter Ventures
89,4/14/2021,United States,"Thrive Capital, Benchmark, MenloVentures"
90,8/18/2015,China,"Warmsun Holding, IDG Capital Partners"
91,3/1/2020,China,"Sequoia Capital China, Longfor Capitalm, Gaorong Capital"
92,11/10/2020,United States,"Pine Brook, American Express Ventures, Kleiner Perkins Caufield & Byers"
93,3/17/2021,Israel,"Insight Partners, Sequoia Capital, Index Ventures"
94,10/8/2021,United States,"Activant Capital, Tribe Capital, General Atlantic"
95,9/23/2020,United States,"NextView Ventures, Eniac Ventures, Sequoia Capital"
96,2/12/2018,China,"Alibaba Group, Boyu Capital, Borui Capital"
97,4/7/2016,China,"Tencent, Baidu, Huasheng Capital"
98,11/15/2018,United States,"Caffeinated Capital, CRV, Founder Collective"
99,4/2/2011,United States,"Technology Crossover Ventures, A&E Television Networks"
100,12/10/2020,United States,"Thrive Capital, Maverick Ventures, Redpoint Ventures"
101,1/12/2021,United States,"Battery Ventures, Storm Ventures, Redpoint Ventures"
102,6/11/2020,United States,"Nexus Venture Partners, CRV, Insight Partners"
103,6/30/2020,United States,"Matrix Partners, Andreessen Horowitz, General Catalyst"
104,7/11/2018,United States,"Sequoia Capital China, IDG Capital, DCM Ventures"
105,5/20/2021,Germany,"Founders Fund. Accel, Creandum"
106,8/31/2018,Colombia,"DST Global, Andreessen Horowitz, Sequoia Capital, Redpoint e.ventures"
107,1/29/2019,Belgium,"Index Ventures, Battery Ventures, ICONIQ Capital"
108,2/17/2021,United Kingdom,"Lightspeed Venture Partners, Google Ventures, Lakestar"
109,11/1/2018,United States,"Redpoint Ventures, True Ventures, Mayfield Fund"
110,7/11/2019,United States,Insight Partners
111,9/9/2019,Brazil,"Kaszek Ventures, General Atlantic, SoftBank Group"
112,12/2/2020,Brazil,Credit Suisse
113,9/15/2017,China,"China Life Insurance, China Development Bank Capital, CITIC Securities International"
114,6/1/2018,China,"Ant Financial Services Group, GGV Capital"
115,6/21/2018,India,"Accel India, SAIF Partners, Norwest Venture Partners"
116,4/21/2021,United States,"Andreessen Horowitz, Spark Capital, Y Combinator"
117,3/25/2019,Australia,"DST Global, Sequoia Capital China, Tencent Holdings"
118,2/27/2019,China,"Hillhouse Capital Management, Linear Venture, Morningside Venture Capital"
119,3/8/2019,China,"Baidu Capital, Linear Venture, Tencent"
120,7/27/2020,United States,"Initialized Capital, General Catalyst, SignalFire"
121,9/29/2020,United Kingdom,"General Atlantic, 3i Group, Huagai Capital"
122,4/13/2021,United States,"Walden International, Google Ventures, Intel Capital"
123,8/23/2021,United Kingdom,"Accel, Technology Crossover Ventures, LeapFrog Investments"
124,10/12/2017,United Kingdom,"Clermont Group, Coltrane Asset Management, Toscafund Asset Management"
125,1/26/2020,Israel,"Insight Partners, Andalusian Capital Partners"
126,4/5/2021,India,"Venture Highway, Sequoia Capital India, Prosus Ventures"
127,6/10/2021,United States,"Oak HC/FT Partners, Artis Ventures, WestCap Group"
128,9/11/2019,United States,"Andreessen Horowitz, Founders Fund, Revolution Ventures"
129,8/25/2020,United States,"Greylock Partners, Venrock, Providence Ventures"
130,12/4/2019,United States,"Alven Capital, FirstMark Capital, capitalG"
131,9/19/2019,United States,"Y Combinator, Accel, T. Rowe Price"
132,1/4/2021,United States,"General Catalyst, Viking Global Investors, T. Rowe Price"
133,7/23/2014,China,"Telling Telecommunication Holding Co., Alibaba Group"
134,11/27/2019,Lithuania,"Accel, Insight Partners, Burda Principal Investments"
135,5/6/2015,United States,"SV Angel, Institutional Venture Partners, Venrock"
136,8/4/2016,China,"Sequoia Capital China, Tencent Holdings, Sinovation Ventures"
137,3/16/2021,United States,"Two Sigma Ventures, Flint Capital, Commerce Ventures"
138,10/31/2018,United Kingdom,"Passion Capital, Thrive Capital, Orange Digital Ventures"
139,7/25/2016,China,"CDH Investments, Goldstone Investments, Qiming Venture Partners"
140,4/16/2019,United States,"Mayfield Fund, M12, Trinity Ventures"
141,5/29/2018,Estonia,"Didi Chuxing, Diamler, TMT Investments"
142,2/25/2021,United States,"Threshold Ventures, Lightspeed Venture Partners, Crosslink Capital"
143,10/22/2020,United States,"Lightspeed Venture Partners, Redpoint Ventures, Viking Global Investors"
144,9/21/2021,France,"Benchmark, Accel, SoftBank Group"
145,11/23/2020,United States,"Playground Global, Bond, Tribe Capital"
146,6/27/2019,China,"Sequoia Capital China, Qiming Venture Partners, Tencent Holdings"
147,11/23/2020,United States,"Addition, Benhcmark, Accel"
148,5/8/2018,United States,"Lightspeed Venture Partners, Khosla Ventures, Geodesic Capital"
149,6/8/2021,Canada,Sequoia Capital
150,6/4/2018,United States,"Venrock, Institutional Venture Partners, Goldman Sachs"
151,3/16/2021,Austria,"Speedinvest, Valar Ventures, Uniqa Ventures"
152,9/30/2014,United States,"New Enterprise Associates, Sequoia Capital, Comcast Ventures"
153,4/6/2021,India,"Tiger Global Management, DST Global, Sequoia Capital India"
154,11/11/2014,South Korea,Formation 8
155,10/31/2017,China,"Ant Financial Services Group, Russia-China Investment Fund, Foxconn Technology Company"
156,7/16/2018,United Kingdom,"SoftBank Group, General Atlantic"
157,5/13/2019,United States,"Khosla Ventures, Horizons Ventures, Temasek Holdings"
158,7/19/2019,United States,"New Enterprise Associates, Starr Investment Holdings"
159,10/7/2019,United States,"Zeev Ventures, Ribbit Capital, TLV Partners"
160,9/2/2020,United States,"Index Ventures, Thrive Capital, CRV"
161,1/7/2021,Canada,"Dragoneer Investment Group, Hellman & Friedman, JMI Equity"
162,1/14/2021,United States,"Sequoia Capital, Bessemer Venture Partners, Threshold Ventures"
163,1/24/2021,United States,"Andreessen Horowitz, TQ Ventures"
164,6/16/2021,Ireland,"Accel, Insight Partners, Bond Capital"
165,12/1/2020,United States,"Drive Capital, General Catalyst, Ascension Ventures"
166,7/27/2021,United States,"BlackRock, Blackstone, UBS"
167,4/28/2017,United States,"Greylock Partners, Lightspeed Venture Partners, Khosla Ventures"
168,1/25/2021,Israel,"Accel, Aleph, American Express Ventures"
169,10/13/2021,United States,"SoftBank Group, Norwest Venture Partners"
170,12/15/2020,United States,"Georgian Partners, Craft Ventures"
171,11/14/2018,United States,"Benchmark, Foundation Capital, Sequoia Capital"
172,8/3/2020,United States,"Blackrock, Kleiner Perkins Caulfield & Byers, Google Ventures"
173,3/29/2021,United States,"D1 Capital Partners, Stripe, Coatue Management"
174,4/1/2014,United States,"New Enterprise Associates, New Leaf Venture Partners, Charter Venture Capital"
175,6/26/2019,United States,"Google Ventures, Battery Ventures, DST Global"
176,10/8/2020,Netherlands,"Y Combinator, Atomico, Accel"
177,11/13/2019,United States,"General Atlantic, Blackstone, ICONIQ Growth"
178,7/1/2021,United States,"Blackstone, ICONIQ Growth, General Atlantic"
179,8/10/2021,United States,"Tiger Global Management, American Express Ventures, B Capital Group"
180,3/16/2021,United States,"Casa Verde Capital, Gron Ventures, Thrity Five Ventures"
181,6/11/2018,United States,"SoftBank Group, Sequoia Capital, Wing Venture Capital"
182,4/16/2020,United States,"Norwest Venture Partners, Goldman Sachs, Dell Technologies Capital"
183,9/23/2020,United States,"Upfront Ventures, Webb Investment Network, D1 Capital Partners"
184,5/24/2021,United States,"Qualcomm Ventures, Samsung Ventures, Silver Lake"
185,7/28/2021,United States,"Breakthrough Energy Ventures, Capricorn Investment Group, Valor Equity Partners"
186,3/4/2021,United States,"Bessemer Venture Partners, Insight Partners, New Era Ventures"
187,3/18/2021,United States,"Silver Lake, ICONIQ Capital"
188,10/28/2020,United States,"NextView Ventures, Promus Ventures, Two Sigma Ventures"
189,10/22/2020,United States,"Andreessen Horowitz, Lux Capital, General Catalyst"
190,6/24/2017,Germany,EQT Partners
191,9/26/2017,United States,"Activant Capital Group, Alaska Permanent Fund, Baillie Gifford & Co."
192,5/26/2020,Singapore,Kuang-Chi
193,1/15/2021,India,"Fairfax Financial Holdings, A91 Partners, TVS Capital"
194,9/13/2021,United States,"General Catalyst, HCA Healthcare"
195,9/22/2020,France,"Elaia Partners, 83North, Felix Capital"
196,3/16/2021,United States,"Two Sigma Ventures, Flint Capital, Commerce Ventures"
197,10/21/2020,United States,"Airbus Ventures, Index Ventures, Advent International"
198,10/28/2021,United States,"DFJ Growth Fund, Coatue Management, Addition"
199,9/2/2020,India,"Blume Ventures, Nexus Venture Partners, Sequoia Capital India"
200,11/22/2021,United States,"New Enterprise Associates, Coatue Management, Tiger Global Management"
201,4/2/2018,China,"China Environmental Protection Industry, China Fortune Ocean"
202,1/28/2021,United States,"Insight Partners, Salesforce Ventures, Vertex Ventures"
203,2/12/2018,United States,"Union Square Ventures, Ribbit Capital, VY Capital"
204,10/8/2018,China,"Oriza Holdings, Guangdong Technology Financial Group"
205,10/26/2020,China,"Geely, SIG Asia Investments, China State Capital Venture Capital Fund"
206,4/16/2019,United States,"Bessemer Venture Partners, Sutter Hill Ventures, Matrix Partners"
207,10/29/2019,United States,"Greycroft, Sands Capital, Revolution Growth"
208,12/23/2020,China,"Atop Capital, IDInvest Partners, Qiming Venture Partners"
209,5/22/2020,United States,"Andreessen Horowitz, IA Ventures, Felicis Ventures"
210,5/11/2016,China,Alibaba Pictures Group
211,9/29/2015,United States,"Tiger Global, Sequoia Capital, Google Capital"
212,4/30/2018,United States,"Bloomberg Beta, Founders Fund, First Round Capital"
213,3/9/2021,United States,"Thrive Capital, Founders Fund, Cocnord Health Partners"
214,5/18/2021,France,"Aglae Ventures, Eurazeo, Daphni"
215,8/12/2021,India,"Sequoia Capital India, Softbank, Bertelsmann India Investments"
216,8/24/2021,Canada,"AME Cloud Ventures, Future Perfect Ventures, Blockchain Capital"
217,11/17/2021,United States,"Third Point, Electric Capital, Coinbase Ventures"
218,12/22/2017,China,"Shunwei Capital Partners, Addor Capital, New Horizon Capital"
219,7/27/2021,United States,"Playground Global, M12, BlackRock"
220,5/26/2021,United States,"Dragoneer Investment Group, DST Global, Franklin Templeton"
221,9/4/2018,India,"DST Global, Lightspeed Venture Partners, Microsoft ScaleUp"
222,1/7/2020,United States,"Susquehanna Growth Equity, Citi Ventures, ICONIQ Capital"
223,8/17/2021,Brazil,"Kaszek Ventures, Qualcomm Ventures, Accel"
224,12/14/2010,China,"Ceyuan Ventures, QiMing Venture Partners, Temasek Holdings"
225,11/24/2015,China,"Sequoia Capital China, Sina Weibo, Kleiner Perkins Caufield & Byers, Redpoint Ventures"
226,1/1/2017,Indonesia,"Global Founders Capital, East Ventures, Expedia Inc."
227,11/1/2017,China,"Morningside Ventures, Warburg Pincus, CreditEase Fintech Investment Fund"
228,11/24/2017,United Kingdom,CPP Investment Board
229,5/15/2018,United States,"General Catalyst, Digital Currency Group, Accel"
230,7/18/2018,China,"Sequoia Capital China, Xiang He Capital, GGV Capital"
231,2/27/2019,India,"Times Internet, Nexus Venture Partners, SoftBank Group"
232,7/18/2019,Germany,"Holtzbrinck Ventures, Unternehmertum Venture Capital, General Atlantic"
233,12/5/2019,Brazil,"Benchmark, Bessemer Venture Partners"
234,1/24/2020,India,"Sequoia Capital India, Temasek, PayPal Ventures"
235,5/5/2020,Canada,"Artiman Ventures, Plug and Play Ventures, Anthos Capital"
236,10/11/2020,India,"Sequoia Capital India, Tiger Global Management, Matrix Partners India"
237,11/19/2020,United States,"Sequoia Capital Israel, Scale Venture Partners, Commerce Ventures"
238,1/26/2021,United States,"ICONIQ Capital, OpenView Venture Partners"
239,3/11/2021,United States,"ConsenSys Ventures, Valar Ventures, PUC"
240,4/21/2021,United States,"Silversmith Capital Partners, Susquehanna Growth Equity, Tiger Global Management"
241,9/17/2019,United Kingdom,"Cambridge Innovation Capital, LGT Capital Partners, Escala Capital"
242,6/29/2021,United States,"Spectrum Equity, ICONIQ Capital, Grayhawk Capital"
243,5/3/2016,United States,Iconiq Capital
244,7/21/2021,United States,"Brookfield Asset Management, Blackstone, Data Collective"
245,4/8/2021,India,"India Quotient, Elevation Capital, Lightspeed Venture Partners"
246,7/28/2021,Germany,"Balderton Capital, General Catalyst, Tiger Global Management"
247,7/28/2021,United States,"Uncork Capital, Threshold Ventures, Bloomberg Beta"
248,3/24/2021,Canada,"Capital One Growth Ventures, Citi Ventures, OMERS Ventures"
249,12/18/2018,United States,"Jackson Square Ventures, General Atlantic, Lightspeed Venture Partners"
250,8/24/2021,United States,"Lightspeed Venture Partners, Lead Edge Capital, Coatue Management"
251,3/25/2021,Germany,"Coatue Management, Atlantic Food Labs, DST Global"
252,7/2/2019,India,"SoftBank Group, Tiger Global Management, Matrix Partners India"
253,10/4/2021,Vietnam,"Fabric Ventures, 500 Global, Standard Crypto"
254,10/12/2021,United States,"WestCap Group, Caisse de depot et placement du Quebec"
255,4/14/2021,United States,"Uniion Square Ventures, Tiger Global Management, Lightspeed Venture Capital"
256,10/14/2021,United States,"Tiger Global Management, Insight Partners, Jump Capital"
257,4/7/2021,India,"Tiger Global Management, Sequoia Capital India, Ribbit Capital"
258,4/7/2020,United States,"Accel, Summit Partners, Google Ventures"
259,3/30/2020,United States,"83North, RiverPark Ventures, Pitango Venture Capital"
260,6/25/2019,United States,"Bnk To The Future, Trammell Ventures, SBI Investment"
261,7/22/2019,United States,Khosla Ventures
262,3/14/2019,Indonesia,"Grab, Tokopedia, Tokyo Century Corporation"
263,9/30/2019,United States,"Founders Fund, Quantum Energy Partners, Bedrock Capital"
264,1/3/2020,Brazil,"Monashees+, Andreessen Horowitz, QED Investors"
265,7/31/2021,India,"Matrix Partners India, Falcon Edge Capital, SoftBank Group"
266,7/30/2021,India,"Insight Partners, Sequoia Capital India, BEENEXT"
267,8/20/2021,United States,"Point72 Ventures, Route 66 Ventures, Accel"
268,6/22/2016,China,"Tiger Global Management, Blue Lake Capital, ZhenFund"
269,7/17/2019,United States,"Eight Roads Ventures, Greycroft, Ignition Partners"
270,3/16/2021,United States,"Goodwater Capital, iFly, XVC Venture Capital"
271,5/25/2021,France,"Highland Europe, Eurazeo, Canaan Partners"
272,5/20/2019,United States,"Sequoia Capital, Baillie Gifford & Co., Google Ventures"
273,12/18/2018,United Kingdom,"Dell Technologies Capital, Pitango Venture Capital, Amadeus Capital Partners"
274,4/14/2015,United States,"Data Collective, Formation 8, General Catalyst Partners"
275,9/21/2018,United States,"Greylock Partners, capitalG, Y Combinator"
276,5/13/2021,United States,"Institutional Venture Partners, New Enterprise Associates, Javelin Venture Partners"
277,6/22/2021,Israel,"General Atlantic, Insight Partners, Vintage Investment Partners"
278,10/25/2021,China,"HD Capital, Qihoo 360 Technology, China Fortune Land Development"
279,5/30/2018,United States,"Notion Capital, Scentan Ventures, Kite Ventures"
280,9/14/2021,United States,Goldman Sachs Asset Management
281,12/1/2021,Germany,"Mubadala Capital, Bond, Prosus Ventures"
282,7/5/2021,France,"General Atlantic, Piton Capital, Partech Partners"
283,7/13/2021,United States,"Redpoint Ventures, Goldcrest Capital, Insight Partners"
284,10/17/2019,United States,"Contour Venture Partners, Battery Ventures, Core Capital Partners"
285,2/23/2021,United States,"Insight Partners, Jackson Square Ventures, Liberty Gloval Ventures"
286,4/9/2018,China,"JD.com, Baidu, Vision Plus Capital"
287,9/13/2021,United States,"Foundry Group, General Atlantic, BlackRock"
288,8/23/2017,United Arab Emirates,Rhone Capital
289,4/20/2018,China,"FAW Group, Tencent Holdings, Tus Holdings"
290,9/18/2019,Switzerland,"Goldman Sachs, VebVentures, Insight Partners"
291,3/22/2021,United States,"Coatue Managemeny, Trinity Ventures, Matrix Partners"
292,12/20/2019,India,"Chiratae Ventures, PremjiInvest, Softbank"
293,2/25/2021,India,"Accel, Tiger Global Management, Nexus Venture Partners"
294,9/9/2021,United States,"Warburg Pincus, The Rise Fund, HarbourVest Partners"
295,11/17/2020,Israel,"Aspect Ventures, SingTel Innov8, Greylock Partners"
296,6/9/2021,United States,"Warburg Pincus, General Catalyst"
297,6/23/2021,United States,"CRV, Accel, Google Ventures"
298,8/13/2021,Argentina,"Soros Fund Management, Ribbit Capital, Monashees+"
299,9/15/2021,India,"Sequoia Capital India, RTP Global, Go-Ventures"
300,8/6/2019,United States,"SoftBank Group, CRV, Spark Capital"
301,2/21/2017,China,"Shunwei Capital Partners, China Media Group, Guangzhou Huiyin Aofeng Equity Investment Fund"
302,5/19/2021,China,"Shunwei Capital Partners, China Media Group, Guangzhou Huiyin Aofeng Equity Investment Fund"
303,8/20/2015,United States,"Google Ventures, Sequoia Capital, Wakefield Group"
304,5/6/2019,India,"Info Edge, Softbank Capital"
305,4/29/2021,United States,"Liberty City Ventures, RRE Ventures, Mithril Capital Management"
306,6/1/2021,United States,"Norwest Venture Partners, Aspect Ventures, Lightspeed Venture Partners"
307,9/13/2021,United States,"Menlo Ventures, GGV Capital, Flybridge Capital Partners"
308,7/15/2020,United States,"T. Rowe Price, Dragoneer Investment Group, BlackRock"
309,3/25/2021,United States,"T. Rowe Price, Lockheed Martin Ventures, Fidelity Investment"
310,6/1/2021,United Kingdom,"Octopus Ventures, Munich Re Ventures, CommerzVentures"
311,12/1/2021,Spain,"Kibo Ventures, SoftBank Group, Atomico"
312,9/9/2015,South Korea,"IMM Investment, NXC"
313,8/18/2020,China,"V FUND, IDG Capital, Green Pine Capital Partners"
314,8/17/2020,France,"Tencent Holdings, Goldman Sachs"
315,10/27/2015,United States,"Revolution, New Enterprise Associates, Caterpillar"
316,4/23/2019,United States,"Google Ventures, Index Ventures, Scale Venture Partners"
317,2/11/2020,United States,"RedBird Capital Partners, CJ ENM, Tencent Holdings"
318,9/24/2020,United States,"Relay Ventures, TTV Capital, Canapi Ventures"
319,2/22/2021,United States,"Madrona Venture Group, Shasta Ventures, Salesforce Ventures"
320,5/25/2021,United States,"Temasek, Google Ventures, General Catalyst"
321,7/29/2021,Belgium,"Summit Partners, Noshaq, Sofinnova Partners"
322,11/1/2018,United States,"Softbank Group, AME Cloud Ventures, SignalFire"
323,7/28/2021,United States,"Accel, Alven Capital, Storm Ventures"
324,10/6/2021,United States,"Knox Lane, Ainge Advisory, Carlson Private Capital Partners,/td>"
325,4/13/2015,United States,"Threshold Ventures, O'Reilly AlphaTech Ventures, Data Collective"
326,2/22/2018,Germany,General Atlantic
327,11/11/2019,South Korea,Sequoia Capital
328,4/27/2021,United States,"Expa, QED Investors, Foundation Capital"
329,5/5/2021,Mexico,"Pantera Capital, QED Investors, Coinbase Ventures"
330,6/12/2019,United States,"General Atlantic, SoftBank Group, Atomico"
331,7/9/2021,South Korea,"Sequoia Capital China, DST Global, DST Global"
332,8/10/2021,United States,"Sierra Ventures, Battery Ventures, Asset Management Ventures"
333,10/8/2019,China,"Zhangjiang Haocheng Venture Capital, Walden International, Intel Capital"
334,3/8/2018,China,"Sequoia Capital China, Banyan Capital"
335,6/15/2021,United States,"8VC, D1 Capital Partners, Sway Ventures"
336,1/12/2021,United States,"Google Ventures, Benchmark, FirstMark Capital"
337,6/17/2021,United States,"Eight Roads Ventures, One Peak Partners, Creandum"
338,9/8/2021,Brazil,"Plug and Play Ventures, Valor Capital Group, DST Global"
339,2/7/2020,India,"SoftBank Group, SAIF Partners India, Valiant Capital Partners"
340,10/27/2020,United States,"Foundation Capital, Institutional Venture Partners, General Catalyst"
341,1/13/2021,United States,"Accel, Silversmith Capital Partners, capitalG"
342,3/30/2021,United States,"Venrock, Battery Ventures, Insight Partners"
343,4/27/2021,India,"VY Capital, Accel, Elevation Capital"
344,5/6/2021,United States,"ICONIQ Growth, Bain Capital Ventures, Summit Partners"
345,6/30/2021,United States,"Lightspeed Venture Partners, Sapphire Ventures, Kleiner Perkins Caufield & Byers"
346,10/26/2021,United States,"GSR Ventures, Sapphire Ventures, Streamlined Ventures"
347,5/3/2018,United States,"Tencent Holdings, Walden Venture Capital, Global Catalyst Partnera"
348,1/6/2021,Germany,"Runa Capital, Acton Capital Partners, Point Nine Capital"
349,2/13/2012,Hong Kong,L Capital Partners
350,12/17/2012,United States,"RRE Ventures, Tiger Global, August Capital"
351,3/9/2015,China,"Sequoia Capital China, Matrix Partners China, 58.com"
352,9/16/2015,France,"Accel Partners, Index Ventures, Insight Venture Partners"
353,8/22/2016,United States,"Delphi Automotive, Samsung Ventures, Motus Ventures"
354,9/5/2016,China,"Zheshang Venture Capital, GP Capital, Western Capital Management"
355,4/21/2017,United States,"Y Combinator, Matrix Partners, Benchmark"
356,5/11/2017,United Kingdom,"Andreessen Horowitz, SoftBank Group, Temasek Holdings"
357,5/17/2018,Japan,"Toyota Motor Corporation, Mizuho Financial Group, FANUC"
358,8/1/2018,United States,"Pitango Venture Capital, DFJ Growth Fund, Foundry Group"
359,12/19/2018,China,"Sequoia Capital China, China Construction Bank, Bank of China"
360,2/6/2019,United States,"Insight Venture Partners, TPG Growth, Sound Ventures"
361,3/27/2019,United States,"Insight Partners, TPG Alternative & Renewable Technologies, Ireland Strategic Investment Fund"
362,5/23/2019,China,"Qiming Venture Partners, Capital Today, General Atlantic"
363,6/20/2019,United States,"Nexus Venture Partners, Tenaya Capital, Sequoia Capital"
364,10/25/2019,China,"GGV Capital, IDG Capital, Linear Venture"
365,1/21/2020,United States,"Magma Venture Partners, Pitango Venture Capital, Qumra Capital"
366,5/19/2020,China,"Bertelsmann Asia Investments, GGV Capital, Morningside Venture Capital"
367,8/25/2020,United States,"Viola Ventures, Dell Technologies Capital, Bain Capital Ventures"
368,9/24/2020,China,"Matrix Partners China, Eastern Bell Capital, Hongtai Capital Holdings"
369,10/6/2020,United States,"Blackrock, capitalG, World Lab Innovation"
370,12/2/2020,United States,"Caffeinated Capital, Obvious Ventures, Venrock"
371,12/17/2020,United States,Blackstone
372,2/21/2021,Israel,"Jerusalem Venture Partners, Israel Growth Partners, Insight Partners"
373,3/17/2021,China,"Tiantu Capital, CMB International Capital, Vision Knight Capital"
374,4/13/2021,China,"Qiming Venture Partners, Kleiner Perkins Caufield & Byers, OrbiMed Advisors"
375,4/20/2021,Canada,"Highland Capital Partners, Oak HC/FT Partners, Emergence Capital Partners"
376,4/21/2021,United States,"Tomales Bay Capital, Bain & Company, General Catalyst"
377,4/27/2021,Sweden,"Index Ventures, Creandum, Accel"
378,5/4/2021,United States,"Meritech Capital Partners, Tiger Global Management, Spectrum Equity"
379,5/11/2021,United States,"Sequoia Capital, Google Ventures, Accel"
380,5/11/2021,China,"Matrix Partners China, Sequoia Capital China, Genesis Capital"
381,5/19/2021,United States,"next47, MaC Venture Capital, FinVC"
382,6/15/2021,United States,"CRV, Blue Cloud Ventures, Index Ventures"
383,6/18/2021,Netherlands,Undisclosed
384,6/10/2021,Mexico,"Alta Ventures Mexico, General Atlantic, SoftBank Group"
385,6/5/2019,Brazil,"Qualcomm Ventures, SoftBank Group. Monashees+"
386,7/20/2021,United States,"Insight Partners, Tiger Global Management, Gradient Ventures"
387,6/17/2020,Israel,"Oak HC/FT Partners, GF Investments, Harvey Golub Family Office"
388,7/8/2021,Canada,"Slack Fund, Accel, Skip Capital"
389,3/4/2019,Luxembourg,"A&NN, Rusnano"
390,8/11/2021,China,"Tencent Holdings, 5Y Capital, Sequoia Capital China"
391,8/13/2021,United States,"Andreessen Horowitz, Caffeinated Capital, SciFi VC"
392,5/26/2020,United States,"Upfront Ventures, Tao Capital Partners, Andreessen Horowitz"
393,8/23/2021,Nigeria,"Sequoia Capital China, Source Code Capital, Redpoint Ventures China"
394,9/8/2021,Santa Clara,"Ignition Partners, Formation 8, CRV"
395,8/5/2019,Japan,"Japan Post Capital, Globis Capital Partners, Atomico"
396,4/21/2021,United States,"Accel, D1 Capita Partners, Greenoaks Capital Management"
397,9/16/2021,United States,"Rethink Impact, Work-Bench, RRE Ventures"
398,9/22/2021,China,"Northern Light Venture Capital, Xiaomi, FutureX Capital"
399,9/23/2021,Singapore,"Vision Plus Capital, GSR Ventures, ZhenFund"
400,10/6/2021,United States,"Benchmark, Altimeter Capital, Quiet Capital"
401,10/21/2014,United States,"Obvious Ventures, Qualcomm Ventures, Andreessen Horowitz"
402,10/25/2021,Germany,"Northzone Ventures, White Star Capital, Novator Partners"
403,10/18/2021,Finland,"Institutional Venture Partners, Atomico, Earlybird Venture Capital"
404,10/28/2021,United States,"Lightspeed Venture Partners, Almaz Capital Partners, Altimeter Capital"
405,10/28/2021,Philippines,"Insight Partners, Warburg Pincus, Ayala Corporation"
406,11/2/2021,United States,"K9 Ventures, Menlo Ventures, Andreessen Horowitz"
407,11/10/2021,United Kingdom,"Gauss Ventures, Ventura Capital, dmg ventures"
408,6/8/2021,Israel,"ClalTech, Vertex Ventures, Oryzn Capital"
409,11/17/2021,Israel,"Sequoia Capital, Paradigm, Pantera Capital"
410,11/17/2021,United States,"Andreessen Horowitz, Kleiner Perkins Caufield & Byers, EQT Ventures"
411,11/22/2021,United States,"8VC, Activant Capital, GLP Capital Partners"
412,11/22/2021,United States,"Khosla Ventures, Green Innovations, Founders Fund"
413,11/22/2021,United States,"SoftBank Group, Maverick Capital"
414,2/7/2021,China,"Trustbridge Partners, Hony Capital, IDG Capital"
415,3/8/2021,United Kingdom,"JTC Group, Qatar Investment Authority, Fidelity Investment"
416,11/1/2017,United States,"FirstMark Capital, Tiger Global Management, ICONIQ Capital"
417,2/1/2019,China,"K2VC, Lightspeed China Partners, Sky9 Capital"
418,1/13/2021,United States,"Point72 Ventures, Pelion Venture Partners, Commerce Ventures"
419,1/19/2021,United States,"Venrock, CVF Capital Partners, ARCH Venture Partners"
420,10/6/2021,India,"Tiger Global Management, Sequoia Capital India, Ribbit Capital"
421,4/15/2019,China,Automobile Industry Guidance Fund
422,9/15/2021,United States,"The Carlyle Group, CVC Capital Partners"
423,5/27/2013,United States,"Insight Venture Partners, Lowercase Capital, Polaris Partners"
424,8/20/2015,United States,"Founders Fund, Khosla Ventures, Goldman Sachs"
425,3/29/2021,United States,"Fashion Tech Lab, Fidelity Investments, Vast Ventures"
426,8/4/2021,United States,"Google Ventures, Kleiner Perkins Caufield & Byers, Stripes Group"
427,7/31/2019,Israel,"Viola Ventures, Insight Partners, ClalTech, Goldman Sachs"
428,9/23/2021,United States,"SOSV, Khosla Ventures, Lerer Hippeau"
429,4/16/2018,China,"Jiangsu Sha Steel Group, Shanghai Puyin Industry, Funa Yuanchuang Technology"
430,12/18/2020,Brazil,"Kaszek Ventures, Amadeus Capital Partners, Quona Capital"
431,6/7/2021,Canada,"Blumberg Capital, American Express Ventures, BDC Venture Capital"
432,11/24/2021,India,"General Catalyst, Eleation Capital, Avenir Growth Capital"
433,3/23/2021,Israel,"YL Ventures, Redpoint Ventures, GGV Capital"
434,11/24/2020,India,"Moore Strategic Ventures, DST Global, Sequoia Capital India"
435,1/16/2015,China,"Redpoint Ventures, QiMing Venture Partners, Chengwei Capital"
436,2/16/2018,United States,"Thrive Capital, Tiger Global Management, Temasek"
437,10/11/2018,United States,"Lerer Hippeau Ventures, T. Rowe Price, Tiger Global Management"
438,10/22/2018,United States,"Tao Capital Partners, Global Asset Capital, Tiger Global Management"
439,1/14/2021,United States,"Menlo Ventures, Alkeon Capital Management, Citi Ventures"
440,3/3/2021,United States,"Alta Partners, Questa Capital, Echo Health Venturesl"
441,3/17/2021,United States,"Insight Partners, Sequoia Capital, Index Ventures"
442,5/11/2021,United States,"Threshold Ventures, Baseline Ventures, Harrison Metal"
443,6/22/2021,Austria,"DN Capital, Left Lane Capital, Coatue Management"
444,7/6/2021,Denmark,"Creandum, Founders, Kinnevik"
445,9/7/2021,Senegal,"Stripe, Founders Fund, Partech Partners"
446,3/1/2021,France,"Eurazeo, IDInvest Partners, Balderton Capital"
447,10/28/2021,United States,"DataTribe, Energy Impact Partners, AllegisCyber Capital"
448,11/4/2021,United States,"Crosslink Capital, .406 Ventures, Sapphire Ventures"
449,11/7/2021,United States,"Nexus Venture Partners, Transamerica Ventures, Crane Venture Partners"
450,11/9/2021,United States,"Greycroft, Lerer Hippeau, Geekdom Fund"
451,4/19/2021,France,"Index Ventures, Temasek, Portag3 Ventures"
452,3/5/2019,Germany,"Salesforce Ventures, Seedcamp, OMERS Ventures"
453,10/12/2021,Israel,"Bessemer Venture Partners, Eight Roads Ventures, Battery Ventures"
454,5/12/2021,United States,Carsales
455,7/9/2018,China,"Boxin Capital, DT Capital Partners, IDG Capital"
456,6/16/2015,China,"Cybernaut Growth Fund, IDG Capital"
457,7/13/2021,Germany,"Yabeo Capital, SBI Investment, Vulcan Capital"
458,4/29/2015,United States,"TPG Growth, Goldman Sachs"
459,4/14/2017,Bermuda,GAM Holding
460,1/17/2018,China,"People Electrical Appliance Group China, Zhongrong International Trust"
461,1/29/2020,United States,"next47, First Round Capital, Sequoia Capital"
462,4/30/2020,China,"Shenzhen Capital Group, Sequoia Capital China, Hillhouse Capital Management"
463,3/3/2021,United States,"Sequoia Capital, Bain Capital Ventures, enaya Capital"
464,3/31/2021,United States,"Mayfield Fund, Shasta Ventures, L Catterton"
465,4/9/2021,United States,"Thrive Capital, Alliance Consumer Growth, Imaginary Ventures"
466,4/27/2021,Canada,"OMERS Private Equity, T. Rowe Price, Technology Crossover Ventures"
467,5/3/2021,Australia,"Blackbird Ventures, IndexVentures, Tiger Global Management"
468,5/18/2021,United States,"GreatPoint Ventures, Meritech Capital Partners, PayPal Ventures"
469,5/19/2021,Norway,"Technology Crossover Ventures, Accel, Aker"
470,5/19/2021,United States,"March Capital Partners, HOF Capital, Emergence Capital Partners"
471,6/8/2021,Japan,"BEENEXT, World Innovation Lab, Light Street Capital"
472,7/3/2021,United States,"Andreessen Horowitz, Coatue Management, Clocktower Technology Ventures"
473,9/2/2021,United States,"Zeev Ventures, Menlo Ventures,Crosslink Capital"
474,10/27/2021,United States,"Initialized Capital, Sound Ventures, TI Platform Management"
475,11/8/2016,South Africa,"IFC, Ajinomoto"
476,3/25/2019,China,"Guozhong Venture Capital Management, Shenzhen Capital Group, Oriental Fortune Capital"
477,3/1/2021,China,"Centurium Capital, Cedarlake Capital, Unicom Innovation Venture Capital"
478,4/17/2021,China,"Sequoia Capital China, Warburg Pincus, IDG Capital"
479,5/20/2021,United States,"Kleiner Perkins Caufield & Byers, Sequoia Capital, General Catalyst"
480,9/22/2017,China,"China Creation Ventures, Sierra Ventures, Xingwang Investment Management"
481,3/1/2019,China,"Alibaba Group,Co-Stone Venture Capital, Buhuo Venture Capital"
482,2/7/2013,United States,"Sequoia Capital, General Atlantic"
483,6/17/2015,China,"GGV Capital, QiMing Venture Partnersl"
484,4/13/2016,China,"Warburg Pincus, Aviation Industry Corporation of China"
485,5/24/2016,Israel,"Volkswagen, Access Industries, Vostok New Ventures"
486,6/8/2017,China,"Alibaba Group, China Everbright Investment Management, Yinxinggu Capital"
487,10/30/2017,China,"Trustbridge Partners, IDG Capital, Sequoia Capital China"
488,11/1/2017,China,"Morningside Ventures, Capital Today, JOY Capital"
489,5/29/2018,China,"Legend Capital, CDH Investments, Sequoia Capital China"
490,9/20/2018,China,"Source Code Capital, Meituan Dianping, Tencent Holdings"
491,12/19/2018,United States,SoftBank Group
492,6/17/2019,United States,"New Enterprise Associates, Founders Fund, Google Ventures"
493,11/16/2020,United States,"Jackson Square Ventures, Madrone Capital Partners, Sequoia Capital"
494,12/15/2020,United States,"Norwest Venture Partners, Accel, Tiger Global Management"
495,1/19/2021,United States,"Max Ventures, Mangrove Capital Partners, 14W"
496,3/3/2021,United States,"Rubicon Technology Partners, Max Ventures, Inclusive Capital Partners"
497,3/19/2021,United States,"Moonshots Capital, BoxGroup, Blu Venture Investors"
498,5/12/2021,United States,"Kleiner Perkins Caufield & Byers, Lightspeed Venture Partners, True Ventures"
499,5/25/2021,United States,"Sequoia Capital, Y Combinator, F-Prime Capital"
500,6/1/2021,United States,"Deciens Capital, Bezos Expeditions, 500 Startups"
501,6/10/2021,France,"Digital Currency Group, Draper Esprit, Korelya Capital"
502,6/14/2021,Israel,"Amiti Ventures, Playground Global, Aleph"
503,6/29/2021,China,"Source Code Capital, Coatue Management, DCM Ventures"
504,6/30/2021,United States,"Andreessen Horowitz, Amplify Partners, Sequoia Capital"
505,7/13/2021,United States,"Redpoint Ventures, Providence Equity Partners, Silversmith Capital Partners"
506,7/20/2021,United States,"Andreessen Horowitz, Thirty Five Ventures, Sound Ventures"
507,7/20/2021,United States,"Mayfield Fund, Insight Partners, Rembrandt Venture Partners"
508,7/26/2021,Chile,"Kaszek Ventures, SOSV, Tiger Global Management"
509,7/29/2021,Australia,"Felicis Ventures, Index Ventures, Blackbird Ventures"
510,8/4/2021,United States,"Insight Partners, Coinbase Ventures, PayPal Ventures"
511,3/24/2021,United States,"Global Founders Capital, Shea Ventures, Greycroft"
512,9/14/2021,United States,"VGames, Lakestar, Galaxy Interactive"
513,9/15/2021,United Kingdom,"Scale Venture Partners, Sapphire Ventures, Battery Ventures"
514,9/15/2021,United States,"Coatue Management, Index Ventures, Founders Fund"
515,9/16/2021,United States,"Y Combinator, Andreessen Horowitz, Wonder Ventures"
516,9/27/2021,Thailand,"Ant Group, Charoen Pokphand Group, Bow Wave Capital"
517,9/29/2021,United States,"Spark Capital, Google Ventures, CRE Venture Capital"
518,9/30/2021,United States,"Nyca Partners, Index Ventures, Technology Crossover Ventures"
519,10/21/2021,United States,"Insight Partners, Softbank Group, Connect Ventures"
520,10/26/2021,United States,"Insight Partners, Kibo Ventures, Bessemer Venture Partners"
521,10/15/2021,United States,"Accomplice, Polychain Capital, GoldenTree Asset Management"
522,11/10/2021,United States,"PSG, ION Crossover Partners"
523,11/10/2021,India,"Chiratae Ventures, Accel, Kalaari Capital"
524,3/11/2019,China,"Eastern Bell Capital, Capital Today, Longzhu Capital"
525,6/3/2019,China,"China Grand Prosperity Investment, CSC Group"
526,3/16/2018,China,"Baidu, Tencent Holdings"
527,11/26/2018,China,"Ding Xiang Capital, New Hope Fund, Sino-Ocean Capital"
528,6/27/2019,China,Taigang Venture Capital
529,8/14/2020,United Kingdom,General Atlantic
530,5/24/2021,United States,"Sodexo Ventures, SoftBank Group"
531,7/14/2021,United States,"Left Lane Capital, Clocktower Technology Ventures, Jump Capital"
532,1/28/2020,United States,"Index Ventures, Thrive Capital, Bain Capital Ventures"
533,7/28/2021,United States,"Kickstart Fund, General Catalyst, Drive Capital"
534,11/4/2021,United States,"Initialized Capital, Canaan Partners, Sound Ventures"
535,10/23/2014,China,"New Enterprise Associates, Tiger Global management, Tencent"
536,5/16/2017,United States,"BNP Paribas, Goldman Sachs, Google"
537,10/17/2017,China,"Phoenix New Media, Tianjin Haihe Industry Fund"
538,1/22/2018,Spain,"Seaya Ventures, Otter Rock Capital, Rakuten"
539,1/23/2018,China,"Eastern Bell Capital, SF Holding Co, STO Express"
540,8/2/2018,France,"Orange Digital Ventures, Access Industries"
541,5/15/2019,United States,"Global Founders Capital, Comcast Ventures, Forerunner Ventures"
542,12/31/2020,United States,"New Enterprise Associates, CRV, Index Ventures"
543,3/11/2021,Sweden,"EQT Partners, Blackstone"
544,3/18/2021,United States,"Bessemer Venture Partners, Vintage Investment Partners, Blumberg Capital"
545,10/7/2021,India,"Sequoia Capital India, Lightbox Ventures, Coatue Management"
546,7/8/2021,United States,"Greylock Partners, General Catalyst, Khosla Ventures"
547,3/26/2021,India,"Sequoia Capital India, Tiger Global Management, Tencent"
548,2/3/2021,United States,"Goodwater Capital, Entree Capital, Valar Ventures"
549,4/7/2021,United States,"Sierra Ventures, AXA Venture Partners, Sigma Prime Ventures"
550,4/8/2021,United States,"Helion Venture Partners, Tiger Global management, CRV"
551,4/13/2021,United States,"Signal Peak Ventures, Owl Ventures, Jump Capital"
552,4/14/2021,United States,"Refactor Capital, Andreessen Horowitz, Fifty Years Fund"
553,4/20/2021,United States,"Insight Partners, Tiger Global Management, Accel"
554,6/8/2021,Germany,"BlackRock, Tengelmann Ventures, Holtzbrinck Ventures"
555,10/21/2021,United States,"Simon Equity Partners, Wavemaker Partners, Anthem Venture Partners"
556,12/2/2021,United States,"Innovation Endeavors, s28 Capital, Lightspeed Venture Partners"
557,7/20/2007,France,"Summit Partners, Qatar Holding"
558,4/16/2018,China,"DESUN Capital, Yunfeng Capital, Meridian Capital"
559,8/7/2018,Hong Kong,"Sequoia Capital China, Goldman Sachs, Matrix Partners China"
560,6/15/2021,China,"Green Pine Capital Partners, Ivy Capital, DCM Ventures"
561,7/27/2021,United States,"Lightspeed Venture Partners, Khosla Ventures, Munich Re Ventures"
562,9/30/2021,United States,"Bessemer Venture Partners, Eniac Ventures, Canapi Ventures"
563,4/15/2021,United States,"Menlo Ventures, Resolute Ventures, IA Ventures"
564,11/29/2021,United Kingdom,"Marchmont Ventures, BMW i Ventures, Index Ventures"
565,7/22/2015,United States,"Kleiner Perkins Caufield & Byers, Comcast Ventures, Insight Partners"
566,9/6/2019,United States,"MHS Capital, NextView Ventures, Mayfield Fund"
567,10/22/2018,South Korea,Goldman Sachs
568,4/25/2019,China,"Advantech Capital, Temasek Holdings Ltd., Tiantu Capital Co."
569,9/30/2020,United States,"ARCH Venture Partners, Ally Bridge Group"
570,12/4/2017,United States,"BlueCross BlueShield Venture Partners, US Venture Partners"
571,7/11/2019,United States,"Structure Capital, Spark Capital, Greylock Partners"
572,7/22/2019,Singapore,"Hopu Investment Management, Boyu Capital, DC Thomson Ventures"
573,11/19/2019,United States,Undisclosed
574,3/6/2020,Israel,"York Capital Management, GE Healthcare, Koch Disruptive Technologies"
575,12/3/2020,United States,"Highland Capital Partners, Next Coast Ventures, SoGal Ventures"
576,12/24/2020,China,"Coatue Management, H Capital, Capital Today"
577,1/6/2021,China,"N5 Capital, CR Capital Mgmt, JD Digits"
578,2/19/2021,United States,"M12, WestBridge Capital, Lightspeed Venture Partners"
579,8/16/2021,United States,"Insight Partners, Silversmith Capital Partners, Spotify"
580,7/12/2021,Malaysia,"Gobi Partners, 500 Startups, Ondine Capital"
581,9/29/2021,Mexico,"Kaszek Ventures, QED Investors, International Finance Corporation"
582,9/29/2021,United States,"Bessemer Venture Partners, Menlo Ventures, Anthermis"
583,10/20/2021,United States,"SignalFire, GLP Capital Partners, Google Ventures"
584,10/28/2021,United States,"Lightspeed Venture Partners, Dell Technologies Capital, Wipro Ventures"
585,7/3/2018,United States,"Social Capital, Bessemer Venture Partners"
586,3/27/2018,United States,"FirstMark Capital, Tiger Global Management"
587,2/14/2019,United Kingdom,"Mitsubishi Corporation, Mayfair Equity Partners"
588,5/24/2021,China,"IDG Capital, Gaocheng Capital, Chuanrong Capital"
589,4/8/2018,China,"Dark Horse Technology Group, Hopu Investment Management, Kefa Capital"
590,4/2/2019,United States,"Insight Venture Partners, ICONIQ Capital, Launchpad Venture Group"
591,12/16/2020,United States,"BOLDstart Ventures, SAP.iO Fund, Scale Venture Partners"
592,3/23/2021,United States,"First Round Capital, Sequoia Capital, Index Ventures"
593,12/1/2017,China,"Sequoia Capital China, CMC Capital Partners, Tencent Holdings"
594,9/8/2021,United Kingdom,"Passion Capital, Hedosophia, Outrun Ventures"
595,10/5/2021,United States,"Andreessen Horowitz, Prosus Ventures, Thrive Capital"
596,11/4/2021,United States,"Javelin Venture Partners, Struck Capital, Alumni Ventures Group"
597,12/7/2021,United States,"Dila Capital, Framework Ventures, 3L"
598,4/10/2017,United Kingdom,"TSG Consumer Partners, Crowdcube"
599,1/5/2021,China,"Tencent Holdings, Delta Capital, Redpoint Ventures China"
600,1/11/2021,United States,"Nextech Invest, Casdin Capital, Google Ventures"
601,9/8/2021,Canada,"Trane Technologies, Honeywell"
602,9/21/2021,United States,"BOLDstart Ventures, Lerer Hippeau, Kenetic Capital"
603,11/17/2020,China,"Shunwei Capital Partners, 5Y Capital, Legend Capital"
604,9/8/2021,Japan,"Cool Japan Fund, JAFCO, The Carlyle Group"
605,11/9/2016,China,"Alibaba Group, KKR, Goldman Sachs"
606,12/20/2018,United States,"CreditEase Fintech Investment Fund, BMW i Ventures, SoftBank Group"
607,3/19/2019,United States,"Forerunner Ventures, Institutional Venture Partners, Thrive Capital"
608,6/23/2020,Ireland,ICG
609,7/16/2020,United States,"Madrona Venture Group, Kleiner Perkins Caufield & Byers, Highland Capital Partners"
610,10/6/2020,United States,"Andreessen Horowitz, Google Ventures, Section 32"
611,1/6/2021,United States,"Index Ventures, Coatue Management, Andreessen Horowitz"
612,2/3/2021,United States,"Georgian Partners, Silver Lake, Presidio Ventures"
613,2/17/2021,United States,"Accel, Greycroft, Advancit Capital"
614,3/1/2021,United States,"Vertex Ventures Israel, Bessemer Venture Partners, Emerge"
615,3/16/2021,United States,"Speedinvest, Valar Ventures, Uniqa Ventures"
616,3/25/2021,China,"Source Code Capital, XVC Venture Capital, Hillhouse Capital Management"
617,3/26/2021,United States,"Index Ventures, Sequoia Capital, Bezos Expeditions"
618,4/13/2021,China,"Sequoia Capital China, Lenovo Capital and Incubator, Group GSR Ventures"
619,4/27/2021,United States,"SWaN & Legend Ventures, Revolution Growth, Invus Group"
620,4/29/2021,United States,"IA Ventures, Khosla Ventures, AME Cloud Ventures"
621,5/7/2021,Canada,"Version One Ventures, Bessemer Venture Partners, FirstMark Capital"
622,5/12/2021,United States,"Flagship Pioneering, Alexandria Venture Investments, Investment Corporation of Dubai"
623,6/1/2021,United States,"Emergence Capital Partners, 8VC, Chicago Ventures"
624,6/3/2021,United States,"Costanoa Ventures, Data Collective, Salesforce Ventures"
625,6/21/2021,Germany,"Cherry Ventures, Northzone Ventures, Global Founders Capital"
626,6/24/2021,China,"IDG Capital, ZhenFund, Sequoia Capital China"
627,7/1/2021,Czech Republic,"Partech Partners, Index Ventures, Quadrille Capital"
628,7/13/2021,United States,"Newpath Partners, Google Ventures, F-Prime Capital"
629,7/21/2021,United States,"Polaris Partners, Insight Partners, Norwest Venture Partners"
630,8/3/2021,United States,"Qualcomm Ventures, Accel, Canaan Partners"
631,8/9/2021,India,"Qualcomm Ventures, Accel, Canaan Partners"
632,5/18/2021,United States,"RPM Ventures, Inspiration Ventures, Carrick Capital Partners"
633,6/2/2021,Norway,"Kinnevik, Softbank Group, Prosus Ventures"
634,8/31/2021,United States,"Pantera Capital, Polychain Capital, Lightspeed Venture Partners"
635,9/13/2021,Spain,"Insight Partners, Salesforce Ventures, Perpetual Investors"
636,9/28/2021,United States,"Accel, Greylock Partners, Meritech Capital Partners"
637,10/13/2021,India,"Sequoia Capital India, Hillhouse Capital Management, Sunley House Capital Management"
638,11/10/2021,India,"L'Occitane, Trifecta Capital, Bessemer Venture Partners"
639,12/7/2021,United States,"Craft Ventures, Caffeinated Capital, Operator Collective"
640,12/7/2021,India,"Sequoia Capital India, Hummingbird Ventures, Epiq Capital"
641,12/2/2021,United States,"GGV Capital, Tiger Global Management, Greycroft"
642,1/1/2016,South Korea,CDIB Capital
643,7/19/2018,China,"Qiming Venture Partners, China Internet Investment Fund, Qualcomm Ventures"
644,3/27/2019,China,"Russia-China Investment Fund, Tencent Holdings, Sequoia Capital China"
645,4/28/2021,United States,"Accel, Bain Capital Ventures, Insight Partners"
646,7/20/2017,China,"Sequoia Capital China, Qiming Venture Partners, Tencent Holdings"
647,1/14/2019,China,"Source Code Capital, Global Logistic Properties, K2VC"
648,2/11/2021,United States,"Kleiner Perkins Caufield & Byers, Afore Capital, Founders Fund"
649,6/15/2021,United States,"Goodwater Capital, Floodgate, Founders Fund"
650,9/15/2018,China,"Qiming Venture Partners, Yaxia Automobile, Far East Horizon"
651,6/8/2020,China,"IDG Capital, Bank Of China Group Investment,, SDIC CMC Investment Management"
652,7/13/2015,Colombia,Advent International
653,12/10/2020,United States,"Pelion Venture Partners, Foundation Capital, Thoma Bravo"
654,6/16/2021,United States,"Pelion Venture Partners, Foundation Capital, Thoma Bravo"
655,9/16/2021,United States,"Venrock, Innovation Endeavors, Insights Partners"
656,10/6/2021,United States,"General Catalyst, Bling Capital, Felicis Ventures"
657,3/19/2019,France,"BPI France, Kerala Ventures, Accel"
658,9/13/2021,United States,"Dynamo VC, Susa Ventures, Founders Fund"
659,12/16/2019,China,"China Reform Fund, Gaopeng Capital, Jinhui Xingye"
660,3/20/2014,United States,"Draper Fisher Jurtson, Qualcomm Ventures, Alibaba Group"
661,10/7/2015,United States,"Mithril, iNovia Capital, Foundry Group"
662,4/14/2016,China,"Tiantu Capital, SAIF Partners China, Newsion Venture Capital"
663,8/15/2016,France,"KKR, TowerBrook Capital Partners"
664,11/30/2017,United States,"Khosla Ventures, Horizons Ventures, Founders Fund"
665,5/16/2019,Germany,"Spark Capital, Highland Europe, Sunstone Capital"
666,5/21/2019,United States,"Ardian, Tiger Global Management, KKR"
667,1/9/2020,United States,"Opus Capital, Genesis Partners, Battery Ventures"
668,2/12/2020,United States,"NewView Capital, Maveron, Ridge Ventures"
669,11/12/2020,United States,The Carlyle Group
670,1/6/2021,United States,"Caffeinated Capital, Obvious Ventures, Venrock"
671,1/14/2021,Germany,"Accelm Scania Growth Capital, Lakestar"
672,2/8/2021,Switzerland,"Auriga, Galeo Ventures, Highland Europe"
673,3/9/2021,United Kingdom,"LocalGlobe, Balderton Capital, Target Global"
674,3/30/2021,United States,"Thrive Capital, Khosla Ventures, Tiger Global Management"
675,5/20/2021,United States,"Zeev Ventures, Group11, Chicago Ventures"
676,6/2/2021,China,"China Culture Industrial Investment Fund, We Capital, China Minsheng Investment Group"
677,6/21/2021,Hong Kong,"Tiger Global Management, Tiger Brokers, DCM Ventures"
678,6/22/2021,United States,"Pritzker Group Venture Capital, Accel, Hyde Park Venture Partners"
679,6/23/2021,Israel,"Glory Ventures, Maniv Mobility"
680,8/11/2021,United States,"GGV Capital, Lightspeed Venture Partners, ICONIQ Capital"
681,8/10/2021,India,"Polychain Capital, Coinbase Ventures, Jump Capital"
682,9/15/2021,Singapore,"500 Global, Rakuten Ventures, Golden Gate Ventures"
683,9/15/2021,India,"Sequoia Capital India, Rocketship.vc, Lightspeed India Partners"
684,10/13/2021,United States,"8VC, Norwest Venture Partners, Tiger Global Management"
685,10/18/2021,Germany,"HV Capital, Softbank Group, BlackRock"
686,10/18/2021,India,"Intact Ventures, Munich Re Ventures, General Atlantic"
687,11/16/2021,United States,"M13, Lightspeed Venture Partners, Lone Pine Capital"
688,11/30/2021,United Kingdom,"Mangrove Capital Partners,14W. ForgeLight"
689,11/30/2021,United States,"Khosla Ventures, General Catalyst, Blumberg Capital"
690,9/18/2018,China,"Beijing Juneng Hesheng Industry Investment Fund, Beijing Shuju Xinrong Fund"
691,1/25/2021,China,"Shenzhen Capital Group, Robert Bosch Venture Capital, SeptWolves Ventures"
692,1/25/2021,China,"QF Capital, QC Capital, Unicom Innovation Venture Capital"
693,8/25/2017,United States,"Goldman Sachs, Leonardo DiCaprio, Promecap"
694,11/27/2017,United Kingdom,Inflexion Private Equity
695,7/11/2019,India,"SAIF Partners India, Warburg Pincus, Trifecta Capital Advisors"
696,7/30/2015,China,"Sequoia Capital China, Rich Land Capital, Merrysunny Wealth"
697,10/21/2019,United States,"New Enterprise Associates, Greylock Partners, Andreessen Horowitz"
698,8/1/2020,China,"Lightspeed China Partners, Baidu Ventures, Qiming Venture Partners"
699,10/15/2020,United States,"GM Ventures, VentureSouth, Kleiner Perkins Caufield & Byers"
700,4/6/2021,United States,"FundersClub, Y Combinator, Tiger Global Management"
701,11/10/2021,United States,"Founders Fund, Upfront Ventures, 01 Advisors"
702,11/15/2021,United States,"Bain Capital Tech Opportunities, Andreessen Horowitz, Sequoia Capital"
703,5/31/2019,South Korea,"Lindeman Asia Investment, Nichi-Iko Pharmaceutical"
704,2/20/2018,Israel,"Intel Capital, Aviv Venture Capital"
705,11/20/2018,China,"Sequoia Capital China, Gopher Asset Management, Shanghai Electric Group"
706,10/10/2013,United States,"Accel Partners, Greylock Partners, Lowercase Capital"
707,5/21/2014,India,"SoftBankGroup, Blackrock, Alibaba Group"
708,8/29/2014,United States,"Matrix Partners, Passport Capital, Rho Ventures"
709,12/2/2014,India,"Kleiner Perkins Caufield & Byers, Softbank Corp., Sherpalo Ventures"
710,1/1/2015,China,
711,1/7/2015,United States,"Silver Lake Partners, General Atlantic"
712,1/22/2015,China,"Banyan Capital, New Horizon Capital, IDG Capital Partners"
713,3/6/2015,China,"5Y Capital, Matrix Partners China, K2VC"
714,4/21/2015,China,"Matrix Partners China, Ventech China, Shunwei Capital Partners"
715,6/2/2015,United Kingdom,Woodford Investment Management
716,7/2/2015,China,"IDG Capital, Northern Light Venture Capital, DCM Ventures"
717,8/12/2015,United States,"Accel Partners, Comcast Ventures, General Atlantic"
718,9/8/2015,China,"Sequoia Capital China, ZhenFund, K2 Ventures"
719,10/12/2015,China,"KKR, Alibaba Group, Ping An Insurance"
720,10/12/2015,China,"SAIF Partners China, Baidu, IDG Capital"
721,10/29/2015,China,"China Minsheng Investment, Baidu, Wanxin Media"
722,11/18/2015,China,"QiMing Venture Partners, Temasek Holdings, Silverlink Capital"
723,1/28/2016,Switzerland,Hinduja Group
724,4/12/2016,China,"Tencent, Vcanbio"
725,6/7/2016,United States,"Goldman Sachs, Insights Venture Partners, Pritzker Group Venture Capital"
726,12/21/2016,United States,"Berkshire Partners, Norwest Venture Partners"
727,4/6/2017,China,"Sequoia Capital China, SIG Asia Investments, ZhenFund"
728,4/18/2017,China,"58.com, Tencent Holdings"
729,5/10/2017,United States,"Warburg Pincus, Summit Partners, Sands Capital"
730,6/29/2017,China,"K2 Ventures, Matrix Partners China, IDG Capital"
731,8/2/2017,China,"Standard Chartered, FinSight Ventures, Affirma Capital"
732,8/7/2017,South Africa,"Blue Label Telecoms, Net1 UEPS Technologies"
733,9/21/2017,China,"Co-Energy Finance, Grandland"
734,10/23/2017,Philippines,"K2 Global, 500 Startups"
735,11/8/2017,Hong Kong,"Sequoia Capital China, ING, Alibaba Entrepreneurs Fund"
736,11/15/2017,China,"Morningside Venture Capital, IDG Capital, DCM Ventures"
737,4/10/2018,China,"Tencent Holdings, DCM Ventures"
738,5/21/2018,China,"R-Z Capital, Green Pine Capital Partners, SAIF Partners China"
739,5/21/2018,Finland,Ginko Ventures
740,5/24/2018,China,"Fosun RZ Capital, Oceanwide Holdings, Shenzhen Qianhe Capital Management Co."
741,6/11/2018,China,"V Star Capital, GF Xinde Investment Management Co., Haitong Leading Capital Management"
742,7/5/2018,China,"China Investment Corporation, New Enterprise Associates"
743,7/10/2018,United States,"Silicon Valley Bank, QED Investors, European Founders Fund"
744,7/12/2018,Brazil,"Innova Capital - FIP, 3G Capital Management, Prosus Ventures"
745,7/13/2018,China,"Sequoia Capital China, InnoVision Capital, Qianhai Fund of Funds"
746,7/16/2018,United States,"One Luxury Group, Eurazeo"
747,7/18/2018,China,"Qiming Venture Partners, China Broadband Capital, CDH Investments"
748,7/31/2018,China,"China Health Industry Investment Fund, China Renaissance, and Sequoia Capital China"
749,8/27/2018,China,"Prometheus Capital, Matrix Partners China, JD Capital Management"
750,9/10/2018,United States,"New Enterprise Associates, Pear, Cowboy Ventures"
751,9/13/2018,China,"Yunfeng Capital, SDIC Innovation Investment Management, Shang Qi Capital"
752,10/10/2018,United States,GCP Capital Partners
753,10/17/2018,China,"Sinovation Ventures, Tencent Holdings, Sequoia Capital China"
754,10/18/2018,China,"U.S.-China Green Fund, Founder H Fund, Richland Equities"
755,10/23/2018,Germany,"Lakestar, Battery Ventures, New Enterprise Associates"
756,10/25/2018,China,"China Everbright Limited, IDG Capital, iFLYTEK"
757,11/6/2018,Netherlands,"Georgian Co-Investment Fund, iTech Capital, Galaxy Digital"
758,11/13/2018,Brazil,"Movile, Just Eat, Naspers"
759,11/21/2018,China,"Volcanics Ventures, Vertex Ventures China, Warburg Pincus"
760,12/10/2018,United States,"Target Global, UBS Asset Management, Mubadala Capital"
761,1/22/2019,United States,SoftBank Group
762,2/21/2019,France,"Astanor Ventures, Upfront Ventures, IDInvest Partners"
763,3/22/2019,China,"BOC International, TopoScend Capital, Hongxiu VC"
764,4/3/2019,Japan,"JAFCO Co, Bitmain Technologies, IDG Capital"
765,4/29/2019,China,"DST Global, Sequoia Capital China, Gaorong Capital"
766,5/7/2019,United States,"Trinity Ventures, Fifth Wall Ventures, OpenView Venture Partners"
767,5/16/2019,China,China Prosperity Capital
768,5/30/2019,China,"TAL Education Group, Legend Star, Alibaba Group"
769,6/10/2019,South Korea,"SBI Investment Korea, Partners Investment, GIC"
770,6/18/2019,France,"Aglae Ventures, Global Founders Capital, Alven Capital"
771,7/16/2019,United Kingdom,"American Express Ventures, Goldman Sachs, Bain Capital Credit"
772,8/6/2019,United States,"Koch Disruptive Technologies, Teamworthy Ventures, GGV Capital"
773,8/7/2019,United States,"Union Square Ventures, Summerhill Venture Partners, Mithril Capital Management"
774,8/22/2019,Switzerland,"Investment Corporation of Dubai, Centralway"
775,9/30/2019,United States,"Section 32, SV Angel, Norwest Venture Partners"
776,10/16/2019,Brazil,"FTV Capital, Endeavor"
777,10/23/2019,China,"Matrix Partners China, Bright Venture Capita, Shenzhen Capital Group"
778,12/19/2019,Spain,"IDInvest Partners, Seaya Ventures, Lakestar"
779,1/30/2020,United States,"Jackson Square Ventures, Greenoaks Capital Management, Softbank Group"
780,4/28/2020,United States,KKR
781,3/17/2020,Netherlands,"Technology Crossover Ventures, Alkeon Capital Management, General Atlantic"
782,4/28/2020,United Arab Emirates,"OLX Group, KCK Group, EXOR Seeds"
783,5/13/2020,United States,"Union Square Ventures, Altos Ventures, Costanoa Ventures"
784,6/17/2020,United States,"Lightspeed Venture Partners, Data Collective, 8VC"
785,7/10/2020,China,"JOY Capital, NIO Capital, Blueflame Capital"
786,7/30/2020,Croatia,One Equity Partners
787,9/16/2020,United States,"Novator Partners, True, Causeway Media Partners"
788,9/21/2020,Japan,"Sozo Ventures, Caffeinated Capital, Sequoia Capital"
789,10/16/2020,South Korea,"Bain Capital, Altos Ventures, Songhyun Investment"
790,11/3/2020,United Kingdom,"MMC Ventures, BGF Ventures, Unilever Ventures"
791,12/16/2020,China,"CICC ALPHA, Chengwei Capital, Sinovation Ventures"
792,12/16/2020,United States,"WRVI Capital, Caffeinated Capital, Y Combinator"
793,12/21/2020,United States,"8VC, Menlo Ventures, Tiger Global Management"
794,12/22/2020,India,"Falcon Edge Capital, Omidyar Network, Sequoia Capital India"
795,1/6/2021,United States,"Lightspeed Venture Partners, Redpoint Ventures, Norwest Venture Partners"
796,1/7/2021,United States,"Insight Partners, Bain Capital Ventures"
797,1/7/2021,United States,"IDG Capital, Francisco Partners, ZhenFund"
798,1/7/2021,Brazil,"Flybridge Capital Partners, SoftBank Group, Monashees+"
799,1/19/2021,United Kingdom,"Wellington Management, Eurazeo, Citi Ventures"
800,1/27/2021,United States,"Storm Ventures, DFJ DragonFund, New Enterprise Associates"
801,1/27/2021,Israel,"Bessemer Venture Partners, Pitango Venture Capital, D1 Capital Partners"
802,2/1/2021,Thailand,"SCB 10X, Krungsri Finnovate, eWTP Capital"
803,2/16/2021,United States,"C5 Capital, Hemisphere Ventures, The Venture Collective"
804,2/17/2021,United States,"Scale Venture Partners, Bond, Tiger Global Management"
805,2/17/2021,United States,"CRV, Y Combinator, Initialized Capital"
806,2/18/2021,United States,"New Enterprise Associates, Accel, Bond"
807,2/18/2021,China,"Bojiang Capital, Hongdao Capital, Mobai Capital"
808,2/25/2021,United States,"Andreessen Horowitz, Andreessen Horowitz, Institutional Venture Partners, Accel"
809,2/25/2021,United States,"Owl Ventures, Technology Crossover Ventures, Tao Capital Partners"
810,3/9/2021,United States,"Green Visor Capital, CRE Venture Capital, Greycroft"
811,3/10/2021,Israel,"TLV Partners, Lightspeed Venture Partners, M12"
812,3/16/2021,Singapore,"Sequoia Capital China, Shunwei Capital Partners, Qualgro"
813,3/22/2021,United States,"B Capital Group,, GE Ventures, McKesson Ventures"
814,1/26/2021,United States,"GreatPoint Ventures, Tiger Global Management, Menlo Ventures"
815,3/23/2021,United States,"Khosla Ventures, Thrive Capital, Y Combinator"
816,3/24/2021,United States,"Global Founders Capital, Shea Ventures, Greycroft"
817,3/29/2021,China,"Matrix Partners China, Sequoia Capital China, Hundreds Capital"
818,3/30/2021,United States,"Lightspeed Venture Partners, Kleiner Perkins Caufield & Byers, Origin Ventures"
819,3/31/2021,United States,"Greycroft, Loeb.NYC, DST Global"
820,4/11/2021,China,"Yinhong Equity Investment Fund, E Fund, Ideal International"
821,4/12/2021,United States,"Silverton Partners, Accel, Ballast Point Ventures"
822,4/13/2021,United States,"American Family Ventures, Cox Enterprises, OMERS Ventures"
823,4/14/2021,United States,"TDK Ventures, Social Capital, D1 Capital Partners"
824,4/14/2021,China,"Bertelsmann Asia Investments, Sequoia Capital China, NIO Capital"
825,4/20/2021,United States,"Pantera Capital, Cadenza Ventures, BlockTower Capital"
826,4/22/2021,United States,"Union Square Ventures, Insight Partners, Spark Capital"
827,4/23/2021,United Kingdom,"Tiger Global Management, Hedosophia"
828,4/28/2021,United States,"Thrive Capital, Durable Capital Partners, G Squared"
829,4/29/2021,United States,"Smilegate Investment, DSC Investments, KTB Ventures"
830,4/30/2021,United States,"Accel, Cobalt Capital, Andreessen Horowitz"
831,6/1/2021,China,"Eastern Bell Capital, Danhua Capital, MSA Capital"
832,5/4/2021,United States,"XBTO Ventures, Raven One Ventures, SK Ventures"
833,5/4/2021,United States,"Norwest Venture Partners, Hillsven Capital, Aleph"
834,5/5/2021,France,"Griffin Gaming Partners, Andreessen Horowitz, Battery Ventures"
835,5/5/2021,Canada,"Eclipse Ventures, Fidelity Investments, Moore Capital Management"
836,5/6/2021,China,"Xingwang Investment Management, China Capital Investment Group, Matrix Partners China"
837,5/12/2021,United States,"Iris Capital, Accel, Elaia Partners"
838,5/13/2021,United States,"Helion Venture Partners, Bain Capital Tech Opportunities, Sequoia Capital India"
839,5/17/2021,United States,"Invus Group, Hanaco Venture Capital, WestCap Group"
840,5/17/2021,Singapore,"Jungle Ventures, Accel, Venture Highway"
841,5/18/2021,United States,"Sequoia Capital, Founders Fund, Bling Capital"
842,5/24/2021,United States,Bregal Sagemount
843,6/1/2021,Singapore,"Dragonfly Captial, Qiming Venture Partners, DST Global"
844,6/2/2021,United States,"Version One Ventures, Uncork Capital, Bessemer Venture Partners"
845,6/2/2021,United States,"Northzone Ventures, Maveron, Johnson & Johnson Innovation"
846,6/7/2021,Ireland,"Optum Ventures, Qiming Venture Partners, Transformation Capital"
847,6/10/2021,China,"Delian Capital, China International Capital Corporation, Sequoia Capital China"
848,6/14/2021,Singapore,"SingTel Innov8, Alpha JWC Ventures, Golden Gate Ventures"
849,6/16/2021,United Kingdom,"Insight Partners, Ignition Partners, Georgian Partners"
850,6/16/2021,Israel,"Salesforce Ventures, next47, Pereg Ventures"
851,6/17/2021,United States,"Bessemer Venture Partners, MoreVC, Team8"
852,6/21/2021,Israel,"Genesis Partners, Aleph, Insight Partners"
853,6/23/2021,United States,"Balderton Capital, Next World Capital, Draper Esprit"
854,6/24/2021,United States,"Javelin Venture Partners, TTV Capital, Peterson Ventures"
855,6/8/2021,United States,"Advance Venture Partners, Susquehanna Growth Equity, Lupa Systems"
856,6/29/2021,Canada,"Foundation Capital, Summit Partners, Adams Street Partners"
857,6/29/2021,United States,"Hyde Park Venture Partners,	FundersClub. Bain Capital Ventures"
858,6/30/2021,Turkey,"Makers Fund, Index Ventures, Inova Ventures Participacees"
859,6/30/2021,India,"Tiger Global Management, Sequoia Capital India, SoftBank Group"
860,7/1/2021,United Arab Emirates,"CE-Ventures, BECO Capital, Nordstar"
861,7/1/2021,Singapore,"Mundi Ventures, Doqling Capital Partners, Activant Capital"
862,7/7/2021,United States,"General Catalyst, Future Ventures, AU21"
863,7/12/2021,Denmark,"SEED Capital, Greyhound Capital, Socii Capital"
864,7/13/2021,United States,"Madrona Venture Group, Tiger Global Management, Madera Technology Partners"
865,7/13/2021,United States,"Index Ventures, Sequoia Capital, General Catalyst"
866,7/13/2021,United States,"Foundry Group, Scale Venture Partners, SoftBank Group"
867,7/12/2021,China,"NetEase Capital, Northern Light Venture Capital, Microsoft"
868,7/14/2021,United States,Bain Capital
869,7/19/2021,Australia,"Y Combinator, M12, SEEK"
870,7/22/2021,United States,"Kleiner Perkins Caufield & Byers, NightDragon Security, Venrock"
871,7/22/2021,India,"Accel, Sands Capital, International Finance Corporation"
872,7/13/2021,Singapore,"Vertex Ventures SE Asia, Global Founders Capital, Visa Ventures"
873,8/3/2021,Brazil,"Big Bets, General Atlantic, SOFTBANK Latin America Ventures"
874,8/4/2021,United States,"Wing Venture Capital, Slow Ventures, Uncork Capital"
875,8/5/2021,United States,"FirstMark Capital, Georgian Partners, Norwest Venture Partners"
876,8/10/2021,Canada,"Accomplice, Oak Investment Partners, Georgian Partners"
877,8/9/2021,United States,"Greylock Partners, Google Ventures, BlackRock"
878,8/16/2021,Norway,"Greylock Partners, Google Ventures, BlackRock"
879,8/17/2021,United States,"Female Founders Fund, Oak HC/FT Partners, Sequoia Capital"
880,8/20/2021,India,"Sequoia Capital India, Kae Capital, Accel"
881,7/22/2021,South Korea,"Qualcomm Ventures, Woori Investment, Hanwha Investment & Securities"
882,8/24/2021,United States,"Andreessen Horowitz, Homebrew, Point72 Ventures"
883,8/26/2021,United States,"Sequoia Capital, DCM Ventures, Insight Partners"
884,8/30/2021,China,"Goldman Sachs Asset Management, SDP Investment, Alibaba Group"
885,9/2/2021,Hong Kong,"Andreessen Horowitz, DST Global, IDG Capital"
886,9/1/2021,Germany,"Ardian, Bain Capital"
887,9/9/2021,Germany,"Hillhouse Capital Management, Sequoia Capital China, Linear Venture"
888,9/14/2021,United States,"GGV Capital, BlackRock, ACE & Company"
889,9/9/2021,United States,"NFX, Plum Alley, Mayfield"
890,9/9/2021,United States,"Accomplice, Juxtapose, FirstMark Capital"
891,9/14/2021,Indonesia,"Accel, Y Combinator, Amasia"
892,9/21/2021,United Kingdom,"Anthemis, Connect Ventures, Northzone Ventures"
893,9/21/2021,United States,"Advent International, PSG, Providence Equity Partners"
894,9/22/2021,United States,"Rembrandt Venture Partners, M12, Altos Ventures"
895,9/15/2021,China,"Yunqi Partners, SoftBank Group, iVision Ventures"
896,9/24/2021,China,"Tencent Holdings, Hillhouse Capital Management"
897,9/27/2021,Singapore,"B Capital Group, Monk's Hill Ventures, Dynamic Parcel Distribution"
898,9/29/2021,India,"Accel, Tiger Global Management, Omidyar Network"
899,9/30/2021,"United States,","Sequoia Capital, Thrive Capital, Sound Ventures"
900,10/4/2021,"Indonesia,","Softbank Ventures Asia, Alpha JWC Ventures, Insignia Ventures Partners"
901,10/5/2021,India,"3one4 Capital Partners, Bertelsmann India Investments, Vertex Ventures SE Asia"
902,10/5/2021,United States,"Left Lane Capital, Galaxy Interactive, Tru Arrow Partners"
903,10/7/2021,United States,"Greylock Partners, Lux Capital, General Atlantic"
904,10/7/2021,United States,"True Ventures, Altimeter Capital, Redpoint Ventures"
905,10/11/2021,France,"Index Ventures, IDInvest Partners, Daphni"
906,10/19/2021,United Kingdom,"IAG Capital Partners, Augmentum Fintech, Northzone Ventures"
907,10/21/2021,France,"Vitruvian Partners, Merieux Equity Partners, Straumann"
908,10/21/2021,Brazil,"Valor Capital Group, Lightrock, Softbank Group"
909,10/26/2021,United States,"Innovation Endeavors, Aleph, Temasek"
910,10/26/2021,United States,"Lerer Hippeau, Munich Re Ventures, Eclipse Ventures"
911,11/2/2021,China,"GGV Capital, GSR Ventures, FreesFund"
912,11/2/2021,China,"Sequoia Capital China, Linear Venture, Hearst Ventures"
913,11/3/2021,United States,FTV Capital
914,11/8/2021,United States,"Cowboy Ventures, Leaders Fund, GGV Capital"
915,11/8/2021,Germany,"Global Founders Capital, 468 Capital, Redalpine Venture Partners"
916,11/9/2021,United States,"Insight Partners, AltaIR Capital, Norma Investments"
917,11/9/2021,United States,"Acero Capital, General Catalyst, M12"
918,11/10/2021,United States,"Equal Ventures, Uncork Capital, Andreessen Horowitz"
919,11/10/2021,China,"BlueRun Ventures, Grand Flight Investment, Meituan Dianping"
920,11/16/2021,India,"Accel, Falcon Edge Capital, Norwest Venture Partners"
921,11/16/2021,United States,"Khosla Ventures,General Catalyst, Victory Park Capital"
922,11/17/2021,United States,"Goldman Sachs Asset Management, 3L"
923,11/18/2021,United States,"Index Ventures, Benchmark, Thrive Capital"
924,11/18/2021,United States,"Google Ventures, Cathay Innovation, NJF Capital"
925,11/18/2021,United States,"Paladin Capital Group, Greycroft, Scale Venture Partners"
926,11/23/2021,India,"General Atlantic, Elevation Capital, BEENEXT"
927,11/28/2021,India,"Gunosy Capital, Blume Ventures, Das Capital"
928,11/29/2021,United Kingdom,"British Patient Capital, SEB Venture Capital, IQ Capital"
929,11/30/2021,United States,"Khosla Ventures, General Catalyst, Navitas Capital"
930,12/6/2021,Mexico,"DST Global, General Catalyst, Monashees+"
931,12/6/2021,United States,"RRE Ventures+, Highland Capital Partners, The Carlyle Group"
932,12/7/2021,United States,"Andreessen Horowitz, Intel Capital, Foundation Capital"
933,12/1/2021,United States,"Advent International, Bain Capital Ventures, Silversmith Capital Partners"
934,12/1/2021,United States,"KKR, FTV Capital, Ten Eleven Ventures"
935,12/7/2021,Australia,"Prysm Capital, Baillie Gifford & Co., TDM Growth Partners"
